platform_name,platform_code,coverage,adas_quality,strengths,weaknesses,pricing,subscription_options,download_export,data_gaps_vs_oem,best_use_cases,direct_links
ALLDATA,ALLD,95% of vehicles 1980s-present,Excellent - collision + ADAS,"Industry standard;OEM-licensed data;Comprehensive coverage;Daily automatic updates",Subscription cost;Some lag vs direct OEM,$189-229/month,Monthly;Annual,Limited export,Minor lag vs OEM portals,Industry standard OEM data for general repair,https://www.alldata.com
Mitchell1 ProDemand,M1PD,All makes 1960-2025,Excellent - SureTrack real fixes,"Real-world repair insights;SureTrack database;Continuous updates;Community fixes",Learning curve;Cost,$199/month approx,Monthly;Annual,PDF print,Some specialty vehicles,Real-world repair insights and diagnostic direction,https://mitchell1.com
Identifix Direct-Hit,IDTX,50+ years coverage,Good - OEM manuals included,"50+ years fixes;OEM manual access;Diagnostic direction;Technician community",Interface dated;ADAS coverage developing,$209-229/month,Monthly;Annual,Limited,ADAS procedures developing,Diagnostic troubleshooting and fix database,https://identifix.com
ShopKey Pro,SKPRO,50+ makes,Excellent,"Snap-on integration;Real-world fixes;Comprehensive database",Requires Snap-on ecosystem,$145-199/month,Monthly;Annual,Via Snap-on tools,None significant,Snap-on tool users and professional shops,https://shopkey.snapon.com
CCC ONE,CCC1,Collision focus,Via integrations,"80% market share;Estimating standard;Insurance integration;Workflow management",Collision-only;Integration required,From $399/month,Monthly;Annual;Enterprise,Via partners,Not repair procedures,Collision estimating and shop management,https://cccis.com
RepairLogic,RPLG,Top 9 NA OEMs,Excellent - OEM-direct,"OEM-direct data;Best accuracy;Collision focus;First for procedures",Limited brand coverage;Cost,Contact OEC,Per shop,Limited,Only top 9 OEMs,OEM collision repair procedures - highest accuracy,https://oec.com/repairlogic
I-CAR RTS,ICAR,All major OEMs,Industry-first calibration DB,"First ADAS calibration database;OEM-verified;Position statements;Training integration",Requires membership;Not repair procedures,Subscription,Membership-based,Reference only,Not full repair procedures,ADAS calibration requirements and position statements,https://rts.i-car.com
OEM1Stop,OEM1,40+ manufacturers,Links to OEM sites,"FREE access;Central hub;All OEM links;NASTF integration",Links only - no content,FREE,N/A,N/A,No actual content,Central hub for accessing OEM portals,https://oem1stop.com
Bosch ESI[tronic],BESI,150+ brands 90K vehicles,Good - European strength,"European coverage;Commercial vehicles;Modular pricing;150+ brands",European focus;Setup complexity,Modular pricing,Modular subscriptions,Limited,North American ADAS,European and commercial vehicle specialists,https://www.boschaftermarket.com
HaynesPro,HPRO,80+ makes 99% EU,Strong ADAS,"99% EU coverage;Strong ADAS;Technical data;Wiring diagrams",Limited NA coverage,From $39.99/month,Monthly;Annual,PDF export,North American vehicles,European market shops,https://www.haynespro.com
Autodata,ADAT,43K+ models,Moderate,"Quick service data;Timing belts;Service schedules;Fast lookup",Limited ADAS;Basic info,$89-140/month approx,Monthly;Annual,Limited,Deep diagnostics,Quick service data and maintenance schedules,https://autodata-group.com
Chilton/Haynes,CHLT,Individual manuals,Minimal,"Low cost;DIY friendly;Basic repairs",Outdated;No ADAS;Limited,$25-40/manual,Per manual,Full manual,Modern vehicles and ADAS,DIY and budget repairs on older vehicles,Various
Autel ADAS Data,AUTL,95%+ vehicles,Equipment-integrated,"Integrated with calibration equipment;Comprehensive targets;Mobile frame",Requires Autel hardware,Included with equipment,With hardware purchase,Via equipment,Procedure details vs OEM,ADAS calibration with Autel equipment,https://autel.com
Hunter ADAS,HUNT,Honda Acura Nissan Infiniti Subaru Kia Toyota Lexus,OEM-approved,"100K+ units deployed;Alignment integration;OEM approvals;Hunter ecosystem",Cost;Footprint,Premium - $50K+ systems,With hardware,Via alignment system,Some brands,Shops with Hunter alignment equipment,https://hunter.com
